,dnn3,dnn4,dnn5,dt,lr,mlp,rf,svm,xgb
F1,0.8146964856230031,0.8129032258064516,0.8152866242038217,0.7798319327731094,0.8242612752721618,0.7821782178217822,0.8146964856230031,0.8,0.8231611893583725
Precision Score,0.7063711911357341,0.7098591549295775,0.7052341597796143,0.703030303030303,0.701058201058201,0.6950146627565983,0.7063711911357341,0.711764705882353,0.7032085561497327
Recall Score,0.9622641509433962,0.9509433962264151,0.9660377358490566,0.8754716981132076,1.0,0.8943396226415095,0.9622641509433962,0.9132075471698113,0.9924528301886792
Train F1,1.0,1.0,1.0,0.8968162639048715,0.8429752066115702,1.0,0.9902830587241234,0.9995739241585002,0.9626590069757899
Train Precision Score,1.0,1.0,1.0,0.8152022315202232,0.7285714285714285,1.0,0.981574539363484,0.9991482112436116,0.928006329113924
Train Recall Score,1.0,1.0,1.0,0.9965899403239556,1.0,1.0,0.9991474850809889,1.0,1.0
