,dnn3,dnn4,dnn5,dt,lr,mlp,rf,svm,xgb
F1,0.030303030303030297,0.03125,0.05797101449275363,0.0759493670886076,0.0,0.05263157894736842,0.0,0.08219178082191782,0.03225806451612903
Precision Score,0.14285714285714285,0.2,0.2,0.15,0.0,0.11764705882352941,0.0,0.21428571428571427,0.3333333333333333
Recall Score,0.01694915254237288,0.01694915254237288,0.03389830508474576,0.05084745762711865,0.0,0.03389830508474576,0.0,0.05084745762711865,0.01694915254237288
Train F1,1.0,1.0,1.0,0.5436893203883495,0.0,1.0,0.9678899082568807,1.0,0.8905472636815921
Train Precision Score,1.0,1.0,1.0,0.9767441860465116,0.0,1.0,0.9906103286384976,1.0,1.0
Train Recall Score,1.0,1.0,1.0,0.37668161434977576,0.0,1.0,0.9461883408071748,1.0,0.8026905829596412
