,dnn3,dnn4,dnn5,dt,lr,mlp,rf,svm,xgb
F1,0.5982009192539011,0.586674880525687,0.5806117599711249,0.5724993849894938,0.5778551268442403,0.5720114516362563,0.5843364658061143,0.5993164623301609,0.5873136966932716
Precision Score,0.5889336959776216,0.5526790371860795,0.5256271225968197,0.5366860212098307,0.491482601270961,0.5341800584684836,0.5341683554979954,0.5741018629674092,0.6878754868950948
Recall Score,0.6904761904761905,0.6772486772486772,0.6825396825396826,0.6322751322751323,0.701058201058201,0.6428571428571429,0.6825396825396826,0.6666666666666666,0.701058201058201
Train F1,1.0,1.0,1.0,0.8039050579971659,0.6141676505312869,1.0,0.984329201611767,0.9993782870048032,0.9412373322064367
Train Precision Score,1.0,1.0,1.0,0.8562329564909831,0.5308163265306122,1.0,0.9846204042034991,0.9993794110489171,0.9475474683544304
Train Recall Score,1.0,1.0,1.0,0.8316770186335404,0.7285714285714285,1.0,0.984472049689441,0.9993788819875776,0.9434782608695652
